transactiondate;time;category;type;amount;balance;bonusValue
01.01.2025;00:15;Кэшбек;Пополнение;56625.13;4012930.81;0
01.01.2025;10:34;Транспорт;Списание;2902.44;6556182.59;0
01.01.2025;05:39;Кэшбек;Пополнение;9808.8;7301735.0;0
01.01.2025;11:09;Перевод СБП;Пополнение;44918.64;457645.75;0
01.02.2025;01:38;Здоровье и красота;Списание;726.07;3956870.13;+7.26
01.02.2025;18:58;Рестораны и кафе;Списание;1257.88;2554779.54;0
01.03.2025;08:04;Прочие расходы;Списание;3471.8;4273599.11;+34.72
01.03.2025;08:47;Транспорт;Списание;2399.12;4859672.46;0
01.03.2025;04:09;Зарплата;Пополнение;21167.66;2219750.18;0
01.03.2025;23:23;Супермаркеты;Списание;4480.73;6740009.54;0
01.03.2025;18:19;Рестораны и кафе;Списание;3971.52;7988553.6;0
01.03.2025;09:50;Супермаркеты;Списание;3756.84;8388024.81;+37.57
01.04.2025;19:15;Рестораны и кафе;Списание;4202.52;3212737.72;+42.03
01.05.2025;22:28;Кэшбек;Пополнение;6494.71;3213878.15;0
01.06.2025;08:28;Кэшбек;Пополнение;54078.13;7673133.28;0
01.06.2025;09:48;Зарплата;Пополнение;12771.39;564086.51;0
01.06.2025;09:39;Кэшбек;Пополнение;48833.72;9996760.74;0
01.07.2025;08:48;Супермаркеты;Списание;3111.94;3872983.11;+31.12
01.07.2025;12:50;Супермаркеты;Списание;4273.61;135750.92;+42.74
01.07.2025;15:54;Супермаркеты;Списание;2631.96;2847150.68;0
01.07.2025;21:39;Зарплата;Пополнение;32112.34;7853169.63;0
01.08.2025;23:46;Транспорт;Списание;2019.22;184652.71;+20.19
01.08.2025;02:08;Прочие расходы;Списание;4018.01;6665918.33;0
01.09.2025;21:35;Здоровье и красота;Списание;2538.28;518347.41;+25.38
01.10.2025;19:33;Зарплата;Пополнение;30261.48;5399036.12;0
01.10.2025;23:53;Кэшбек;Пополнение;30239.03;4705918.18;0
01.10.2025;13:35;Транспорт;Списание;1498.06;2173625.33;+14.98
01.11.2025;18:42;Транспорт;Списание;1458.12;7036919.54;0
01.11.2025;13:14;Рестораны и кафе;Списание;4918.24;5086423.75;+49.18
01.12.2025;15:43;Перевод СБП;Пополнение;16392.39;2198582.52;0
01.12.2025;04:29;Супермаркеты;Списание;247.04;8591090.99;+2.47
02.01.2025;15:22;Прочие расходы;Списание;1119.97;9519941.2;+11.2
02.01.2025;09:29;Транспорт;Списание;1979.13;7749035.28;0
02.01.2025;17:59;Рестораны и кафе;Списание;2974.93;7136372.48;0
02.02.2025;09:00;Супермаркеты;Списание;4434.83;2603466.66;0
02.02.2025;15:28;Прочие расходы;Списание;3669.71;2798993.39;+36.7
02.02.2025;01:56;Зарплата;Пополнение;37102.42;6871409.02;0
02.03.2025;16:13;Здоровье и красота;Списание;3607.45;3210270.7;+36.07
02.03.2025;06:09;Перевод СБП;Пополнение;3276.59;5430749.25;0
02.04.2025;13:01;Рестораны и кафе;Списание;4593.99;3355652.39;+45.94
02.04.2025;18:54;Прочие расходы;Списание;1159.21;3436698.95;+11.59
02.04.2025;01:43;Здоровье и красота;Списание;4853.39;6883141.35;0
02.04.2025;23:35;Транспорт;Списание;4427.41;6429638.59;0
02.05.2025;16:59;Перевод СБП;Пополнение;23736.51;2311670.91;0
02.06.2025;15:18;Транспорт;Списание;123.21;3578940.28;+1.23
02.06.2025;23:34;Рестораны и кафе;Списание;1635.1;4964235.19;+16.35
02.07.2025;21:27;Кэшбек;Пополнение;46252.74;8948878.82;0
02.07.2025;09:02;Кэшбек;Пополнение;12553.0;2413874.42;0
02.07.2025;14:34;Здоровье и красота;Списание;4484.14;2830380.23;+44.84
02.07.2025;21:09;Прочие расходы;Списание;1102.94;5429646.31;0
02.08.2025;06:54;Рестораны и кафе;Списание;587.24;5308480.93;0
02.08.2025;19:56;Зарплата;Пополнение;3908.9;6834306.6;0
02.08.2025;01:14;Транспорт;Списание;1775.46;7602396.42;+17.75
02.09.2025;10:20;Перевод СБП;Пополнение;50458.24;2734004.72;0
02.09.2025;06:24;Перевод СБП;Пополнение;57586.44;9772536.48;0
02.10.2025;19:24;Кэшбек;Пополнение;47439.58;9927350.9;0
02.10.2025;02:57;Транспорт;Списание;1051.5;3577888.78;+10.52
02.10.2025;06:30;Зарплата;Пополнение;26668.39;7499708.74;0
02.11.2025;08:26;Кэшбек;Пополнение;2756.78;3086914.48;0
02.11.2025;07:32;Зарплата;Пополнение;44961.09;4861427.89;0
02.11.2025;21:12;Кэшбек;Пополнение;52258.64;6048390.7;0
02.11.2025;06:36;Супермаркеты;Списание;1593.86;3530453.54;0
02.12.2025;12:25;Супермаркеты;Списание;289.79;4378645.28;0
02.12.2025;01:50;Транспорт;Списание;4369.82;8195157.35;0
02.12.2025;07:05;Кэшбек;Пополнение;2703.68;1557639.93;0
02.12.2025;23:55;Кэшбек;Пополнение;37105.27;3054200.82;0
03.01.2025;10:37;Зарплата;Пополнение;42476.79;4585775.96;0
03.01.2025;16:32;Кэшбек;Пополнение;55594.18;5727630.85;0
03.01.2025;21:17;Супермаркеты;Списание;2200.93;2052695.29;+22.01
03.01.2025;14:08;Супермаркеты;Списание;3506.8;1113214.82;0
03.02.2025;23:51;Рестораны и кафе;Списание;4394.02;2570526.56;+43.94
03.02.2025;06:38;Прочие расходы;Списание;3272.34;2159592.31;0
03.02.2025;10:35;Супермаркеты;Списание;3712.28;8113825.65;+37.12
03.02.2025;08:57;Здоровье и красота;Списание;1543.68;5721540.34;+15.44
03.02.2025;01:49;Супермаркеты;Списание;4706.39;4766145.4;0
03.03.2025;08:50;Здоровье и красота;Списание;2444.6;6330854.88;+24.45
03.04.2025;16:55;Прочие расходы;Списание;2334.87;9379134.53;0
03.04.2025;13:07;Транспорт;Списание;791.94;5309068.17;0
03.04.2025;04:46;Зарплата;Пополнение;34403.43;3088604.25;0
03.04.2025;15:28;Рестораны и кафе;Списание;2594.36;3431977.64;0
03.04.2025;01:30;Зарплата;Пополнение;55657.56;618715.81;0
03.05.2025;11:58;Прочие расходы;Списание;3321.33;511946.6;0
03.05.2025;05:16;Перевод СБП;Пополнение;51809.68;4915474.49;0
03.05.2025;15:35;Здоровье и красота;Списание;3368.31;9388979.66;+33.68
03.05.2025;08:04;Прочие расходы;Списание;1254.47;9381469.4;+12.54
03.06.2025;18:49;Рестораны и кафе;Списание;2953.31;5392111.23;0
03.06.2025;05:31;Кэшбек;Пополнение;27437.78;2247187.96;0
03.06.2025;05:39;Зарплата;Пополнение;43839.87;7789112.75;0
03.06.2025;19:43;Рестораны и кафе;Списание;3351.91;9868280.42;+33.52
03.06.2025;11:40;Кэшбек;Пополнение;55510.62;3583180.06;0
03.07.2025;13:01;Перевод СБП;Пополнение;2074.87;5424603.9;0
03.07.2025;12:43;Супермаркеты;Списание;2239.17;7474996.13;+22.39
03.07.2025;10:11;Здоровье и красота;Списание;113.25;7958498.37;0
03.07.2025;23:29;Супермаркеты;Списание;4614.05;444837.08;+46.14
03.07.2025;23:43;Супермаркеты;Списание;1926.99;3157808.16;0
03.07.2025;14:45;Транспорт;Списание;4661.58;3366761.66;+46.62
03.08.2025;00:39;Зарплата;Пополнение;41604.58;7894774.21;0
03.09.2025;03:39;Зарплата;Пополнение;32738.81;2024144.02;0
03.09.2025;21:50;Прочие расходы;Списание;3079.48;515267.93;+30.79
03.09.2025;14:43;Супермаркеты;Списание;3452.73;8262927.92;+34.53
03.09.2025;17:30;Здоровье и красота;Списание;1585.4;8261342.52;+15.85
03.09.2025;01:04;Рестораны и кафе;Списание;3965.95;899964.31;0
03.09.2025;10:53;Рестораны и кафе;Списание;133.67;8749351.07;0
03.10.2025;19:52;Перевод СБП;Пополнение;25848.88;9856626.09;0
03.10.2025;03:38;Транспорт;Списание;2784.1;3527669.44;+27.84
03.11.2025;10:53;Прочие расходы;Списание;570.05;3366191.61;0
03.11.2025;08:06;Рестораны и кафе;Списание;3371.79;5185698.16;+33.72
03.12.2025;21:44;Прочие расходы;Списание;271.19;4961900.22;+2.71
03.12.2025;10:07;Супермаркеты;Списание;4547.37;6658136.75;0
03.12.2025;06:47;Здоровье и красота;Списание;828.38;9377029.24;+8.28
03.12.2025;17:42;Рестораны и кафе;Списание;4276.94;2838849.26;+42.77
04.01.2025;02:33;Перевод СБП;Пополнение;17732.52;3886091.83;0
04.03.2025;16:56;Кэшбек;Пополнение;31847.05;7242871.66;0
04.03.2025;09:53;Рестораны и кафе;Списание;1272.95;9362804.98;+12.73
04.04.2025;09:42;Супермаркеты;Списание;2177.24;563058.25;0
04.04.2025;06:36;Супермаркеты;Списание;126.1;3738274.78;+1.26
04.04.2025;06:29;Перевод СБП;Пополнение;56515.09;6732951.58;0
04.04.2025;09:41;Транспорт;Списание;2803.53;824479.1;0
04.05.2025;20:10;Перевод СБП;Пополнение;47937.44;8238794.28;0
04.06.2025;23:35;Здоровье и красота;Списание;4675.45;452970.3;0
04.06.2025;08:08;Супермаркеты;Списание;791.59;4096155.81;0
04.07.2025;22:30;Здоровье и красота;Списание;2634.85;2054896.22;0
04.07.2025;06:52;Прочие расходы;Списание;2174.6;6867097.14;0
04.07.2025;07:19;Зарплата;Пополнение;26795.62;232445.91;0
04.07.2025;22:26;Перевод СБП;Пополнение;38548.09;5429574.26;0
04.07.2025;06:48;Перевод СБП;Пополнение;3808.41;2767204.51;0
04.07.2025;07:18;Прочие расходы;Списание;786.21;9930873.45;+7.86
04.08.2025;14:40;Кэшбек;Пополнение;2687.13;3532047.4;0
04.09.2025;22:31;Прочие расходы;Списание;3628.21;5614130.58;0
04.10.2025;22:32;Рестораны и кафе;Списание;2680.4;5422529.03;0
04.12.2025;08:13;Супермаркеты;Списание;212.61;9385592.16;0
04.12.2025;10:32;Рестораны и кафе;Списание;282.09;2837150.81;+2.82
05.01.2025;17:43;Зарплата;Пополнение;13543.3;6310693.81;0
05.01.2025;14:35;Прочие расходы;Списание;801.93;6904278.03;+8.02
05.01.2025;02:12;Прочие расходы;Списание;2003.35;1849993.14;0
05.01.2025;05:29;Здоровье и красота;Списание;4242.29;8126589.04;0
05.02.2025;01:03;Зарплата;Пополнение;3622.52;9885865.43;0
05.03.2025;23:34;Здоровье и красота;Списание;212.56;7999428.97;0
05.05.2025;02:31;Здоровье и красота;Списание;3140.25;2186410.85;+31.4
05.05.2025;06:21;Супермаркеты;Списание;3086.78;2408464.11;+30.87
05.06.2025;06:44;Перевод СБП;Пополнение;22011.23;2269199.19;0
05.06.2025;21:58;Кэшбек;Пополнение;39453.04;6087843.74;0
05.06.2025;04:42;Супермаркеты;Списание;1958.6;2123612.09;+19.59
05.06.2025;18:04;Здоровье и красота;Списание;1251.23;832484.15;0
05.06.2025;14:32;Транспорт;Списание;3585.43;5304895.5;+35.85
05.07.2025;12:20;Здоровье и красота;Списание;1796.93;5396881.06;0
05.07.2025;02:34;Рестораны и кафе;Списание;4267.79;2987221.84;+42.68
05.07.2025;08:32;Рестораны и кафе;Списание;1642.98;6994155.62;0
05.07.2025;09:34;Перевод СБП;Пополнение;37796.18;1261199.9;0
05.07.2025;16:37;Супермаркеты;Списание;4234.83;5395917.38;0
05.08.2025;17:58;Кэшбек;Пополнение;5768.75;6781955.8;0
05.09.2025;04:52;Зарплата;Пополнение;38323.89;4393792.11;0
05.09.2025;04:34;Здоровье и красота;Списание;3043.32;1957526.27;0
05.09.2025;04:46;Транспорт;Списание;2878.54;7133493.94;0
05.10.2025;02:10;Прочие расходы;Списание;4670.58;6100460.28;+46.71
05.10.2025;16:06;Рестораны и кафе;Списание;4160.27;4337443.93;+41.6
05.10.2025;05:12;Кэшбек;Пополнение;15599.26;6876789.67;0
05.10.2025;17:49;Здоровье и красота;Списание;873.51;5861100.21;0
05.10.2025;08:39;Супермаркеты;Списание;1843.64;2415620.72;+18.44
05.12.2025;05:30;Супермаркеты;Списание;2161.27;5277382.23;0
05.12.2025;14:44;Прочие расходы;Списание;716.81;6372969.32;0
05.12.2025;13:15;Супермаркеты;Списание;2642.76;3951620.72;0
05.12.2025;04:35;Кэшбек;Пополнение;34798.25;8724442.54;0
06.01.2025;13:56;Транспорт;Списание;2748.15;6864640.49;0
06.01.2025;15:32;Супермаркеты;Списание;375.9;6905079.96;0
06.02.2025;02:41;Кэшбек;Пополнение;27604.92;1960569.59;0
06.02.2025;12:38;Здоровье и красота;Списание;4116.57;3579063.49;+41.17
06.04.2025;13:10;Прочие расходы;Списание;2722.47;4378935.07;+27.22
06.04.2025;17:53;Зарплата;Пополнение;34180.18;4215234.8;0
06.04.2025;03:33;Рестораны и кафе;Списание;507.68;2164294.14;0
06.04.2025;14:48;Зарплата;Пополнение;45327.15;1045875.29;0
06.04.2025;20:30;Перевод СБП;Пополнение;58716.72;8591338.03;0
06.04.2025;06:07;Прочие расходы;Списание;3762.4;7745272.88;0
06.05.2025;21:06;Кэшбек;Пополнение;3183.51;2737188.23;0
06.06.2025;02:17;Кэшбек;Пополнение;44082.1;2446003.56;0
06.07.2025;05:00;Зарплата;Пополнение;5496.55;9932847.45;0
06.07.2025;14:20;Супермаркеты;Списание;3365.34;7606505.79;0
06.07.2025;08:14;Прочие расходы;Списание;1862.24;1998856.86;0
06.07.2025;17:14;Перевод СБП;Пополнение;5924.69;6892876.61;0
06.08.2025;17:32;Кэшбек;Пополнение;14150.0;4875577.89;0
06.08.2025;18:09;Перевод СБП;Пополнение;1118.84;7623403.96;0
06.08.2025;04:35;Рестораны и кафе;Списание;190.42;452447.41;0
06.08.2025;16:40;Рестораны и кафе;Списание;3032.41;5866746.17;0
06.08.2025;18:11;Перевод СБП;Пополнение;15944.11;6796048.42;0
06.09.2025;13:30;Перевод СБП;Пополнение;55955.11;6190914.31;0
06.09.2025;03:27;Зарплата;Пополнение;20850.59;8052983.19;0
06.09.2025;21:50;Зарплата;Пополнение;32864.59;3313955.97;0
06.09.2025;17:29;Транспорт;Списание;2063.78;4962171.41;+20.64
06.10.2025;03:48;Супермаркеты;Списание;3174.89;9385804.77;+31.75
06.10.2025;09:58;Зарплата;Пополнение;14391.76;4105796.92;0
06.10.2025;08:23;Прочие расходы;Списание;4202.86;2129970.6;+42.03
06.11.2025;20:43;Прочие расходы;Списание;1195.96;6888476.16;0
06.11.2025;03:57;Перевод СБП;Пополнение;29708.25;8537551.26;0
06.11.2025;20:43;Рестораны и кафе;Списание;1206.44;9384385.72;+12.06
06.12.2025;00:18;Рестораны и кафе;Списание;1827.65;1560155.44;+18.28
06.12.2025;06:05;Супермаркеты;Списание;1027.11;5082285.08;+10.27
06.12.2025;20:09;Рестораны и кафе;Списание;3509.72;2187791.45;0
06.12.2025;12:33;Здоровье и красота;Списание;4555.6;2126940.72;+45.56
07.01.2025;09:03;Рестораны и кафе;Списание;1800.92;9501650.69;0
07.01.2025;16:22;Прочие расходы;Списание;1455.71;9858724.99;+14.56
07.01.2025;11:49;Кэшбек;Пополнение;39242.98;7613771.22;0
07.02.2025;00:21;Супермаркеты;Списание;4411.9;5388478.0;0
07.02.2025;15:27;Рестораны и кафе;Списание;615.81;5427079.91;0
07.02.2025;23:27;Кэшбек;Пополнение;15396.2;9822527.89;0
07.02.2025;01:01;Рестораны и кафе;Списание;4220.72;2182190.13;0
07.03.2025;07:47;Кэшбек;Пополнение;15312.12;1345613.33;0
07.03.2025;23:20;Прочие расходы;Списание;212.31;9392347.97;0
07.03.2025;15:59;Зарплата;Пополнение;21277.16;2671422.58;0
07.03.2025;13:10;Здоровье и красота;Списание;4822.33;5673069.36;0
07.05.2025;13:36;Перевод СБП;Пополнение;20517.46;4056327.05;0
07.05.2025;16:56;Кэшбек;Пополнение;4132.03;472248.64;0
07.05.2025;16:46;Кэшбек;Пополнение;41266.65;1085681.24;0
07.05.2025;06:45;Супермаркеты;Списание;3037.15;5858063.06;+30.37
07.05.2025;10:29;Рестораны и кафе;Списание;2184.58;2763396.1;+21.85
07.05.2025;02:15;Здоровье и красота;Списание;2779.83;1582219.71;0
07.05.2025;09:32;Рестораны и кафе;Списание;1638.37;9098224.3;+16.38
07.06.2025;20:02;Здоровье и красота;Списание;2702.44;2012849.98;0
07.06.2025;16:24;Супермаркеты;Списание;3584.79;5771445.63;0
07.06.2025;02:12;Прочие расходы;Списание;316.19;2603150.47;+3.16
07.07.2025;10:48;Рестораны и кафе;Списание;1474.25;9929399.2;+14.74
07.07.2025;20:54;Транспорт;Списание;2875.65;6549629.52;0
07.07.2025;04:32;Прочие расходы;Списание;4120.65;1330301.21;0
07.08.2025;08:37;Супермаркеты;Списание;3032.21;5419270.63;0
07.08.2025;21:09;Прочие расходы;Списание;670.96;2556037.42;0
07.08.2025;05:30;Супермаркеты;Списание;3810.68;1624706.28;0
07.08.2025;16:26;Супермаркеты;Списание;1303.66;9366442.99;+13.04
07.08.2025;12:50;Здоровье и красота;Списание;2890.74;4270708.37;0
07.09.2025;13:47;Рестораны и кафе;Списание;2140.73;5430616.21;+21.41
07.09.2025;11:24;Кэшбек;Пополнение;28954.04;7960734.81;0
07.10.2025;03:09;Прочие расходы;Списание;1212.51;7992481.95;0
07.10.2025;01:34;Зарплата;Пополнение;6863.49;982506.73;0
07.11.2025;23:35;Рестораны и кафе;Списание;3162.7;7995562.37;0
07.11.2025;01:32;Супермаркеты;Списание;1904.48;7731350.78;+19.04
07.12.2025;20:15;Транспорт;Списание;2665.6;6662684.12;0
07.12.2025;05:04;Супермаркеты;Списание;1828.27;7299906.73;+18.28
07.12.2025;23:54;Здоровье и красота;Списание;3449.74;4500066.09;0
08.01.2025;02:08;Кэшбек;Пополнение;17620.61;1549227.1;0
08.01.2025;03:19;Рестораны и кафе;Списание;1489.42;5191781.99;0
08.01.2025;01:34;Перевод СБП;Пополнение;53136.46;188887.38;0
08.01.2025;02:14;Прочие расходы;Списание;3360.45;9337892.42;0
08.01.2025;00:34;Кэшбек;Пополнение;10160.04;3437858.16;0
08.01.2025;01:01;Супермаркеты;Списание;4829.55;8256512.97;0
08.02.2025;22:31;Рестораны и кафе;Списание;1001.52;2650145.42;0
08.02.2025;00:59;Перевод СБП;Пополнение;18163.42;2945386.53;0
08.02.2025;21:31;Перевод СБП;Пополнение;10518.16;6676436.49;0
08.02.2025;06:59;Транспорт;Списание;3307.85;8639084.8;+33.08
08.02.2025;14:34;Здоровье и красота;Списание;2378.57;4963302.73;+23.79
08.02.2025;02:09;Транспорт;Списание;2523.68;2413097.04;+25.24
08.04.2025;06:17;Прочие расходы;Списание;1984.5;2171640.83;0
08.06.2025;21:09;Зарплата;Пополнение;22349.94;145328.88;0
08.06.2025;20:58;Зарплата;Пополнение;15772.3;4721690.48;0
08.06.2025;05:12;Здоровье и красота;Списание;2152.44;470096.2;0
08.06.2025;08:33;Прочие расходы;Списание;1224.75;9553180.64;+12.25
08.06.2025;05:07;Рестораны и кафе;Списание;3562.78;7239308.88;+35.63
08.07.2025;17:20;Рестораны и кафе;Списание;118.86;7358590.18;0
08.07.2025;01:36;Здоровье и красота;Списание;3959.55;7142470.08;0
08.08.2025;15:58;Зарплата;Пополнение;39781.14;8171738.89;0
08.08.2025;05:17;Перевод СБП;Пополнение;33598.81;6297150.51;0
08.08.2025;00:08;Прочие расходы;Списание;4065.8;5035793.82;+40.66
08.09.2025;22:27;Транспорт;Списание;1036.97;5189069.95;0
08.09.2025;16:26;Здоровье и красота;Списание;3991.16;5392889.9;0
08.10.2025;19:02;Супермаркеты;Списание;3067.61;7996361.36;+30.68
08.10.2025;14:46;Кэшбек;Пополнение;55270.15;2178882.24;0
08.11.2025;14:32;Прочие расходы;Списание;4929.95;8532621.31;0
08.11.2025;22:42;Зарплата;Пополнение;14884.89;64545.36;0
08.11.2025;19:27;Перевод СБП;Пополнение;48436.0;7042591.62;0
08.11.2025;07:37;Перевод СБП;Пополнение;10246.1;9882242.91;0
08.12.2025;02:30;Прочие расходы;Списание;4780.99;464731.01;0
08.12.2025;22:32;Зарплата;Пополнение;4668.32;2190168.17;0
08.12.2025;15:59;Рестораны и кафе;Списание;1594.84;8131957.75;+15.95
09.01.2025;06:25;Рестораны и кафе;Списание;2424.44;8745085.2;+24.24
09.01.2025;18:49;Рестораны и кафе;Списание;625.67;9885239.76;0
09.01.2025;01:08;Перевод СБП;Пополнение;10781.88;8645510.26;0
09.02.2025;18:56;Транспорт;Списание;4516.01;3103588.92;+45.16
09.03.2025;08:03;Зарплата;Пополнение;54966.03;3420488.87;0
09.03.2025;08:25;Перевод СБП;Пополнение;55432.72;8507843.01;0
09.03.2025;21:33;Перевод СБП;Пополнение;41679.95;6434066.0;0
09.03.2025;12:14;Прочие расходы;Списание;542.25;7356145.19;0
09.03.2025;21:32;Транспорт;Списание;134.28;4912968.1;+1.34
09.03.2025;22:08;Транспорт;Списание;2841.72;1550002.07;+28.42
09.03.2025;10:15;Супермаркеты;Списание;4287.1;7702843.76;0
09.04.2025;16:19;Транспорт;Списание;807.63;6247014.62;0
09.04.2025;01:41;Здоровье и красота;Списание;3877.34;8122711.7;0
09.04.2025;09:46;Перевод СБП;Пополнение;55554.01;7292553.07;0
09.05.2025;07:03;Транспорт;Списание;1682.66;5861973.72;0
09.06.2025;09:24;Транспорт;Списание;4216.15;3437199.94;+42.16
09.06.2025;02:12;Супермаркеты;Списание;4628.99;8640024.02;0
09.06.2025;01:17;Прочие расходы;Списание;1460.7;1044414.59;0
09.06.2025;11:13;Кэшбек;Пополнение;44319.75;5816441.4;0
09.06.2025;17:50;Зарплата;Пополнение;23071.91;3443232.35;0
09.07.2025;15:34;Рестораны и кафе;Списание;2663.3;3878017.51;+26.63
09.08.2025;06:36;Рестораны и кафе;Списание;1128.65;7355446.26;0
09.08.2025;06:53;Супермаркеты;Списание;4979.67;4624130.84;+49.8
09.08.2025;07:24;Здоровье и красота;Списание;1188.39;7583129.77;+11.88
09.09.2025;09:10;Прочие расходы;Списание;3611.42;4869910.35;+36.11
09.09.2025;18:29;Кэшбек;Пополнение;48301.84;7096417.39;0
09.09.2025;16:53;Кэшбек;Пополнение;12674.69;9835202.58;0
09.10.2025;12:36;Кэшбек;Пополнение;53636.64;9151580.16;0
09.10.2025;02:27;Рестораны и кафе;Списание;4000.78;6352940.68;+40.01
09.12.2025;10:56;Супермаркеты;Списание;697.28;7999641.53;+6.97
10.01.2025;08:38;Перевод СБП;Пополнение;27112.53;844933.64;0
10.01.2025;22:13;Рестораны и кафе;Списание;4637.93;2401921.46;+46.38
10.02.2025;14:10;Рестораны и кафе;Списание;4036.34;2015552.42;0
10.02.2025;17:05;Перевод СБП;Пополнение;40802.2;5281345.61;0
10.03.2025;20:12;Супермаркеты;Списание;4931.9;6883165.2;0
10.03.2025;08:10;Прочие расходы;Списание;95.44;188791.94;0
10.03.2025;14:28;Кэшбек;Пополнение;6303.98;4228654.84;0
10.04.2025;22:01;Рестораны и кафе;Списание;1247.08;183405.63;0
10.04.2025;00:28;Кэшбек;Пополнение;46662.9;8005161.27;0
10.05.2025;02:30;Супермаркеты;Списание;1234.07;7959413.7;+12.34
10.05.2025;22:40;Рестораны и кафе;Списание;3763.37;5902176.04;0
10.05.2025;03:09;Прочие расходы;Списание;3084.97;982027.4;+30.85
10.06.2025;11:10;Транспорт;Списание;4665.15;7048957.65;0
10.07.2025;02:10;Здоровье и красота;Списание;1742.95;5773841.1;+17.43
10.07.2025;13:06;Здоровье и красота;Списание;2059.57;1992232.76;+20.6
10.07.2025;01:59;Перевод СБП;Пополнение;34465.79;6938743.82;0
10.07.2025;17:47;Перевод СБП;Пополнение;5454.93;6320979.68;0
10.07.2025;04:07;Рестораны и кафе;Списание;62.78;5391026.17;0
10.08.2025;06:32;Супермаркеты;Списание;3245.05;5412481.7;+32.45
10.08.2025;19:55;Здоровье и красота;Списание;2916.72;3433213.03;+29.17
10.09.2025;18:01;Прочие расходы;Списание;4593.34;707177.03;+45.93
10.10.2025;11:41;Рестораны и кафе;Списание;2404.27;2675837.2;+24.04
10.10.2025;14:16;Транспорт;Списание;2424.16;4423629.14;0
10.10.2025;20:06;Зарплата;Пополнение;18421.48;1531606.49;0
10.10.2025;00:21;Перевод СБП;Пополнение;9023.06;5780468.69;0
10.10.2025;05:08;Рестораны и кафе;Списание;550.61;6662666.93;0
10.10.2025;04:32;Кэшбек;Пополнение;3554.61;9860180.7;0
10.10.2025;00:41;Прочие расходы;Списание;1148.52;2569378.04;+11.49
10.10.2025;11:19;Супермаркеты;Списание;1589.8;7978466.69;+15.9
10.11.2025;17:52;Кэшбек;Пополнение;56397.18;5242095.34;0
10.11.2025;11:08;Рестораны и кафе;Списание;987.36;2264808.58;0
10.12.2025;05:58;Рестораны и кафе;Списание;1155.38;4039940.04;0
11.01.2025;16:35;Прочие расходы;Списание;3717.92;7351728.34;+37.18
11.01.2025;05:54;Зарплата;Пополнение;56154.68;520885.69;0
11.01.2025;09:04;Здоровье и красота;Списание;1834.02;7354311.17;0
11.01.2025;10:58;Зарплата;Пополнение;5651.31;5772121.65;0
11.01.2025;14:56;Рестораны и кафе;Списание;2309.82;7236999.06;+23.1
11.01.2025;01:22;Рестораны и кафе;Списание;4637.25;3347103.65;+46.37
11.02.2025;06:57;Супермаркеты;Списание;4348.81;7619055.15;+43.49
11.02.2025;22:39;Транспорт;Списание;4750.65;4091405.16;+47.51
11.02.2025;06:03;Транспорт;Списание;944.83;1440084.53;+9.45
11.03.2025;20:07;Здоровье и красота;Списание;1229.6;7991328.63;0
11.03.2025;15:01;Супермаркеты;Списание;2835.18;7998725.07;0
11.04.2025;18:34;Супермаркеты;Списание;4535.39;2167105.44;0
11.04.2025;23:12;Зарплата;Пополнение;15577.68;7993694.46;0
11.04.2025;11:39;Зарплата;Пополнение;12601.68;5478562.83;0
11.05.2025;00:30;Кэшбек;Пополнение;41297.15;1334421.86;0
11.05.2025;18:00;Прочие расходы;Списание;3675.83;9382723.87;+36.76
11.05.2025;08:02;Рестораны и кафе;Списание;437.8;2843126.2;+4.38
11.05.2025;14:11;Кэшбек;Пополнение;29686.16;4675679.15;0
11.05.2025;11:26;Прочие расходы;Списание;1543.18;4429291.68;+15.43
11.07.2025;08:49;Здоровье и красота;Списание;4419.09;1994437.77;+44.19
11.07.2025;10:57;Рестораны и кафе;Списание;4544.56;7980056.49;+45.45
11.08.2025;12:29;Супермаркеты;Списание;2412.12;4381657.54;0
11.10.2025;22:58;Перевод СБП;Пополнение;6063.39;4965870.29;0
11.10.2025;15:05;Транспорт;Списание;80.76;5395064.54;0
11.11.2025;01:57;Кэшбек;Пополнение;56384.33;6249706.44;0
11.11.2025;23:31;Рестораны и кафе;Списание;1374.07;4341604.2;0
11.12.2025;09:45;Зарплата;Пополнение;1148.98;565235.49;0
12.01.2025;22:29;Супермаркеты;Списание;2096.33;2304766.59;+20.96
12.02.2025;11:02;Транспорт;Списание;1453.26;3360246.38;+14.53
12.02.2025;16:50;Прочие расходы;Списание;224.59;1119532.95;+2.25
12.03.2025;00:07;Зарплата;Пополнение;5225.7;2419100.12;0
12.03.2025;06:39;Рестораны и кафе;Списание;2025.57;6890851.04;0
12.03.2025;11:14;Рестораны и кафе;Списание;1013.55;8946542.89;0
12.03.2025;13:09;Прочие расходы;Списание;1887.75;6547741.77;0
12.03.2025;18:26;Кэшбек;Пополнение;46837.53;4632077.55;0
12.04.2025;18:04;Прочие расходы;Списание;4646.81;9374487.72;0
12.05.2025;22:19;Кэшбек;Пополнение;24321.4;2077016.69;0
12.06.2025;11:11;Перевод СБП;Пополнение;16031.95;966545.76;0
12.06.2025;11:28;Супермаркеты;Списание;1020.43;5775680.9;0
12.06.2025;00:19;Зарплата;Пополнение;22689.16;5435170.86;0
12.06.2025;09:15;Здоровье и красота;Списание;3836.19;9496440.2;+38.36
12.07.2025;04:23;Зарплата;Пополнение;41709.9;5617758.79;0
12.09.2025;04:12;Транспорт;Списание;1077.26;1162288.41;+10.77
12.09.2025;04:39;Перевод СБП;Пополнение;33997.58;7707130.86;0
12.09.2025;20:57;Рестораны и кафе;Списание;4840.23;9323337.41;+48.4
12.10.2025;04:03;Транспорт;Списание;2303.62;2164801.82;0
12.10.2025;10:52;Перевод СБП;Пополнение;31908.49;2187630.94;0
12.10.2025;15:38;Транспорт;Списание;1036.89;3281248.57;0
12.11.2025;05:36;Кэшбек;Пополнение;53959.03;4816466.8;0
12.11.2025;05:29;Зарплата;Пополнение;33407.03;6559085.03;0
12.12.2025;02:38;Транспорт;Списание;2133.49;975643.24;0
12.12.2025;05:07;Зарплата;Пополнение;16695.48;2574920.58;0
13.01.2025;13:37;Транспорт;Списание;2904.5;6864192.64;0
13.01.2025;04:19;Здоровье и красота;Списание;409.16;4378236.12;+4.09
13.01.2025;07:46;Зарплата;Пополнение;58261.3;375986.8;0
13.02.2025;21:53;Супермаркеты;Списание;3143.55;5427472.66;0
13.02.2025;12:01;Прочие расходы;Списание;4085.93;1465989.27;0
13.03.2025;23:01;Супермаркеты;Списание;4793.43;6242221.19;0
13.03.2025;23:24;Перевод СБП;Пополнение;38769.62;657485.43;0
13.03.2025;22:59;Супермаркеты;Списание;1922.46;3876095.05;+19.22
13.03.2025;11:29;Здоровье и красота;Списание;4922.8;2809766.45;+49.23
13.03.2025;02:50;Здоровье и красота;Списание;1150.44;2565894.24;0
13.05.2025;06:27;Кэшбек;Пополнение;22632.97;8458484.72;0
13.05.2025;01:53;Рестораны и кафе;Списание;1511.72;4011419.09;+15.12
13.05.2025;00:17;Зарплата;Пополнение;44328.61;5043760.79;0
13.06.2025;06:16;Здоровье и красота;Списание;4183.94;2441819.62;0
13.06.2025;13:18;Супермаркеты;Списание;1993.89;7992558.23;0
13.06.2025;10:58;Перевод СБП;Пополнение;31812.07;8805726.86;0
13.07.2025;15:12;Прочие расходы;Списание;732.72;2007777.48;0
13.07.2025;18:41;Рестораны и кафе;Списание;3637.63;4762507.77;0
13.07.2025;22:59;Здоровье и красота;Списание;1809.24;7994552.12;+18.09
13.08.2025;12:53;Зарплата;Пополнение;15835.75;3226106.45;0
13.08.2025;02:54;Зарплата;Пополнение;34412.5;3466390.14;0
13.09.2025;12:17;Супермаркеты;Списание;2658.5;3320068.17;0
13.09.2025;05:04;Зарплата;Пополнение;10784.84;7736833.61;0
13.10.2025;14:53;Зарплата;Пополнение;59931.61;7414242.78;0
13.10.2025;21:27;Здоровье и красота;Списание;60.13;8266823.6;+0.6
13.10.2025;13:06;Транспорт;Списание;947.58;6739061.96;+9.48
13.11.2025;10:41;Прочие расходы;Списание;4516.97;974846.34;+45.17
13.11.2025;22:50;Перевод СБП;Пополнение;45788.95;8903070.78;0
13.11.2025;00:46;Кэшбек;Пополнение;21628.41;7058547.95;0
13.11.2025;13:03;Зарплата;Пополнение;11167.32;4732857.8;0
13.11.2025;11:45;Перевод СБП;Пополнение;29991.85;4041410.94;0
13.11.2025;19:56;Супермаркеты;Списание;3880.24;2688387.74;+38.8
14.01.2025;19:27;Супермаркеты;Списание;2238.85;7053622.8;+22.39
14.01.2025;01:33;Прочие расходы;Списание;626.87;7291926.2;0
14.02.2025;06:57;Кэшбек;Пополнение;40427.0;9412905.0;0
14.02.2025;10:31;Транспорт;Списание;4948.11;3098640.81;+49.48
14.02.2025;06:12;Прочие расходы;Списание;1252.13;144076.75;+12.52
14.02.2025;03:48;Прочие расходы;Списание;3543.88;5415726.75;+35.44
14.03.2025;02:08;Рестораны и кафе;Списание;4372.1;6780578.72;0
14.03.2025;14:14;Транспорт;Списание;315.52;4041095.42;0
14.03.2025;12:36;Рестораны и кафе;Списание;3218.92;4386800.69;0
14.03.2025;02:22;Зарплата;Пополнение;20535.78;3156650.81;0
14.03.2025;11:15;Кэшбек;Пополнение;30202.56;6361057.44;0
14.04.2025;10:03;Кэшбек;Пополнение;19122.24;3910563.33;0
14.05.2025;16:35;Здоровье и красота;Списание;2686.3;7055861.65;+26.86
14.05.2025;12:15;Прочие расходы;Списание;2333.91;7604171.88;+23.34
14.06.2025;00:07;Здоровье и красота;Списание;402.21;3490810.82;0
14.06.2025;21:39;Зарплата;Пополнение;12755.99;1561983.09;0
14.06.2025;20:13;Прочие расходы;Списание;2547.12;5771293.98;0
14.06.2025;10:10;Зарплата;Пополнение;49526.83;2556708.38;0
14.07.2025;04:22;Транспорт;Списание;67.03;2185499.85;0
14.07.2025;12:15;Кэшбек;Пополнение;18302.44;3017095.55;0
14.07.2025;16:33;Рестораны и кафе;Списание;2855.0;3883236.83;0
14.07.2025;07:41;Перевод СБП;Пополнение;53920.05;9091344.15;0
14.07.2025;15:24;Зарплата;Пополнение;17388.73;2693225.93;0
14.08.2025;04:04;Здоровье и красота;Списание;1559.64;3136115.03;0
14.09.2025;16:27;Здоровье и красота;Списание;1834.34;2157757.97;0
14.09.2025;01:43;Прочие расходы;Списание;2035.52;2155722.45;+20.36
14.09.2025;18:50;Перевод СБП;Пополнение;36554.29;2057531.07;0
14.09.2025;03:49;Рестораны и кафе;Списание;4130.45;4035809.59;0
14.10.2025;04:30;Рестораны и кафе;Списание;1746.72;6138370.98;0
14.10.2025;18:24;Кэшбек;Пополнение;29377.69;8351816.73;0
14.10.2025;04:13;Транспорт;Списание;1816.26;3441416.09;+18.16
14.10.2025;07:42;Прочие расходы;Списание;3815.75;7158183.07;+38.16
14.11.2025;21:34;Супермаркеты;Списание;4824.72;9357980.26;0
14.11.2025;13:41;Транспорт;Списание;3009.53;1878901.83;0
14.11.2025;05:19;Прочие расходы;Списание;2328.67;6333299.48;0
14.11.2025;14:38;Рестораны и кафе;Списание;1586.9;9356393.36;+15.87
14.11.2025;07:18;Зарплата;Пополнение;11538.69;6744490.27;0
14.12.2025;14:57;Рестораны и кафе;Списание;3349.92;4645992.99;+33.5
14.12.2025;18:26;Здоровье и красота;Списание;4052.22;140024.53;0
14.12.2025;11:51;Зарплата;Пополнение;30526.84;8775612.04;0
14.12.2025;02:06;Здоровье и красота;Списание;4154.69;823351.58;+41.55
14.12.2025;13:07;Кэшбек;Пополнение;47599.63;4153396.55;0
14.12.2025;04:44;Перевод СБП;Пополнение;47826.94;8435851.75;0
15.01.2025;16:36;Кэшбек;Пополнение;23655.21;9436560.21;0
15.01.2025;09:38;Зарплата;Пополнение;8541.7;9876822.12;0
15.02.2025;10:10;Зарплата;Пополнение;20973.35;6670658.23;0
15.02.2025;02:17;Перевод СБП;Пополнение;59866.47;3798141.25;0
15.02.2025;15:43;Перевод СБП;Пополнение;44269.22;2349035.81;0
15.02.2025;20:41;Зарплата;Пополнение;24856.98;7481480.67;0
15.03.2025;22:07;Здоровье и красота;Списание;4796.14;1552843.79;+47.96
15.03.2025;01:42;Зарплата;Пополнение;32714.21;4185700.63;0
15.03.2025;03:17;Прочие расходы;Списание;3416.94;4222350.86;0
15.03.2025;18:01;Кэшбек;Пополнение;45888.86;6784950.82;0
15.04.2025;06:44;Транспорт;Списание;282.28;1881911.36;+2.82
15.04.2025;08:34;Рестораны и кафе;Списание;2810.44;9251288.57;+28.1
15.04.2025;05:42;Рестораны и кафе;Списание;1601.1;980905.63;+16.01
15.04.2025;13:02;Супермаркеты;Списание;1675.07;5190106.92;0
15.05.2025;15:31;Прочие расходы;Списание;3810.47;1556344.97;0
15.05.2025;05:17;Транспорт;Списание;802.08;7958611.62;+8.02
15.05.2025;01:00;Транспорт;Списание;1574.06;9770962.42;+15.74
15.05.2025;23:50;Зарплата;Пополнение;42607.45;1441029.36;0
15.07.2025;07:17;Зарплата;Пополнение;29853.3;1004699.64;0
15.07.2025;09:07;Зарплата;Пополнение;26638.2;1163365.67;0
15.07.2025;02:58;Здоровье и красота;Списание;751.61;4384069.66;0
15.07.2025;11:00;Перевод СБП;Пополнение;16139.54;848623.69;0
15.07.2025;08:20;Прочие расходы;Списание;4612.39;2000719.1;0
15.07.2025;01:25;Супермаркеты;Списание;1002.95;3435696.0;0
15.08.2025;12:29;Транспорт;Списание;1302.99;2843564.0;+13.03
15.08.2025;02:26;Прочие расходы;Списание;332.47;452637.83;+3.32
15.08.2025;03:01;Транспорт;Списание;3060.58;5113134.33;0
15.09.2025;18:54;Супермаркеты;Списание;3904.92;7494238.09;0
15.09.2025;10:10;Зарплата;Пополнение;6818.89;2678241.47;0
15.09.2025;17:46;Перевод СБП;Пополнение;27788.28;8199527.17;0
15.09.2025;18:33;Рестораны и кафе;Списание;1600.81;2732419.29;+16.01
15.09.2025;09:27;Транспорт;Списание;3752.61;5046000.8;0
15.09.2025;12:06;Супермаркеты;Списание;420.66;8689644.29;0
15.09.2025;19:19;Здоровье и красота;Списание;4987.41;4863664.81;0
15.10.2025;03:11;Здоровье и красота;Списание;3122.67;7139347.41;0
15.10.2025;15:20;Кэшбек;Пополнение;52267.15;5353588.47;0
15.10.2025;04:16;Супермаркеты;Списание;584.2;469512.0;0
15.10.2025;02:49;Транспорт;Списание;349.91;7978116.78;0
15.10.2025;11:14;Зарплата;Пополнение;51355.07;3371423.24;0
15.11.2025;08:46;Прочие расходы;Списание;4824.39;7578305.38;+48.24
15.11.2025;06:49;Зарплата;Пополнение;18427.29;1279627.19;0
15.11.2025;01:20;Рестораны и кафе;Списание;3876.84;2805889.61;+38.77
15.11.2025;01:22;Перевод СБП;Пополнение;22689.57;7917463.78;0
15.12.2025;16:35;Зарплата;Пополнение;13959.59;5049753.41;0
15.12.2025;19:25;Зарплата;Пополнение;9370.46;9386399.7;0
15.12.2025;20:58;Рестораны и кафе;Списание;617.07;2189551.1;0
15.12.2025;09:06;Кэшбек;Пополнение;25188.58;1664662.58;0
15.12.2025;14:59;Зарплата;Пополнение;39125.38;8642392.65;0
16.01.2025;05:59;Зарплата;Пополнение;14520.01;2356134.9;0
16.01.2025;15:20;Кэшбек;Пополнение;29853.12;7165277.88;0
16.01.2025;20:53;Супермаркеты;Списание;3793.46;9377857.62;0
16.02.2025;17:56;Зарплата;Пополнение;15186.17;5368774.64;0
16.04.2025;21:20;Супермаркеты;Списание;1714.42;8452410.29;+17.14
16.04.2025;12:59;Зарплата;Пополнение;52598.74;4430834.86;0
16.04.2025;08:22;Здоровье и красота;Списание;2041.95;3431171.08;0
16.04.2025;14:28;Здоровье и красота;Списание;1049.26;4210459.87;0
16.04.2025;04:15;Прочие расходы;Списание;1829.34;6605733.2;0
16.05.2025;05:55;Прочие расходы;Списание;1115.63;449451.13;0
16.05.2025;05:22;Перевод СБП;Пополнение;15391.17;9451951.38;0
16.05.2025;19:16;Зарплата;Пополнение;42380.91;7456623.69;0
16.06.2025;03:01;Зарплата;Пополнение;36844.39;2392979.29;0
16.06.2025;15:33;Супермаркеты;Списание;3911.49;3351740.9;+39.11
16.06.2025;03:41;Зарплата;Пополнение;48128.17;2651278.64;0
16.06.2025;19:16;Здоровье и красота;Списание;2967.04;4629110.51;+29.67
16.06.2025;01:53;Прочие расходы;Списание;2846.18;9855878.81;+28.46
16.07.2025;23:50;Прочие расходы;Списание;1532.33;5612598.25;0
16.07.2025;15:30;Перевод СБП;Пополнение;4307.04;2558225.1;0
16.07.2025;17:26;Прочие расходы;Списание;1565.73;7498143.01;0
16.08.2025;11:43;Зарплата;Пополнение;29418.53;4080826.46;0
16.08.2025;10:16;Зарплата;Пополнение;23279.53;468116.61;0
16.10.2025;23:42;Здоровье и красота;Списание;4078.57;8857281.83;0
16.10.2025;22:35;Здоровье и красота;Списание;909.72;5134820.29;+9.1
16.11.2025;06:34;Транспорт;Списание;1635.76;2417464.36;0
16.12.2025;16:48;Кэшбек;Пополнение;45771.92;8324836.8;0
16.12.2025;06:38;Супермаркеты;Списание;827.55;1991405.21;+8.28
17.01.2025;19:30;Прочие расходы;Списание;2592.88;96187.48;0
17.01.2025;19:38;Кэшбек;Пополнение;43760.37;8032132.6;0
17.01.2025;03:58;Супермаркеты;Списание;1880.65;450566.76;+18.81
17.01.2025;05:13;Кэшбек;Пополнение;12176.28;8603267.27;0
17.01.2025;18:21;Перевод СБП;Пополнение;48061.67;3282285.46;0
17.01.2025;01:18;Кэшбек;Пополнение;37438.01;2767134.58;0
17.02.2025;13:33;Перевод СБП;Пополнение;9045.54;2450865.16;0
17.02.2025;01:57;Зарплата;Пополнение;39964.92;8391781.65;0
17.02.2025;12:51;Рестораны и кафе;Списание;1187.82;5553305.87;+11.88
17.02.2025;07:40;Здоровье и красота;Списание;2722.72;2729696.57;0
17.02.2025;00:06;Здоровье и красота;Списание;4822.46;8000338.81;0
17.03.2025;10:48;Перевод СБП;Пополнение;48416.07;4277070.91;0
17.03.2025;02:22;Прочие расходы;Списание;1451.74;1430390.74;0
17.03.2025;08:31;Супермаркеты;Списание;1447.06;2765687.52;0
17.05.2025;01:20;Перевод СБП;Пополнение;3013.1;6263551.7;0
17.05.2025;04:14;Рестораны и кафе;Списание;4331.96;2287934.4;0
17.05.2025;10:42;Здоровье и красота;Списание;3495.83;4959806.9;0
17.05.2025;08:45;Кэшбек;Пополнение;41596.58;2991489.63;0
17.05.2025;11:51;Супермаркеты;Списание;4491.97;3361699.64;0
17.07.2025;05:48;Здоровье и красота;Списание;2069.04;5551236.83;+20.69
17.07.2025;23:10;Перевод СБП;Пополнение;1149.13;6781727.85;0
17.08.2025;03:58;Здоровье и красота;Списание;140.44;1664522.14;0
17.08.2025;02:44;Прочие расходы;Списание;3357.56;6349583.12;+33.58
17.09.2025;04:52;Перевод СБП;Пополнение;27334.82;255793.8;0
17.09.2025;19:46;Кэшбек;Пополнение;18419.19;3365522.84;0
17.09.2025;19:17;Супермаркеты;Списание;1815.33;2022328.69;0
17.10.2025;15:29;Зарплата;Пополнение;15317.76;6905455.86;0
17.10.2025;04:56;Перевод СБП;Пополнение;1274.94;2165569.08;0
17.10.2025;00:36;Транспорт;Списание;857.25;8644653.01;0
17.10.2025;12:07;Перевод СБП;Пополнение;11571.27;2998793.11;0
17.11.2025;13:43;Перевод СБП;Пополнение;28139.43;7211024.61;0
17.11.2025;19:55;Транспорт;Списание;1904.72;2406559.39;0
17.11.2025;17:54;Перевод СБП;Пополнение;1116.09;5400152.21;0
17.12.2025;06:26;Перевод СБП;Пополнение;3938.79;9455890.17;0
17.12.2025;20:37;Рестораны и кафе;Списание;4467.88;7153715.19;0
18.01.2025;22:53;Здоровье и красота;Списание;1124.0;3434572.0;+11.24
18.01.2025;12:06;Перевод СБП;Пополнение;25507.19;8687890.19;0
18.02.2025;06:03;Кэшбек;Пополнение;36489.85;8976527.6;0
18.02.2025;19:37;Перевод СБП;Пополнение;36791.86;8130831.33;0
18.03.2025;12:47;Здоровье и красота;Списание;1987.26;7524961.13;0
18.03.2025;00:44;Транспорт;Списание;3908.95;6356941.46;+39.09
18.03.2025;08:15;Зарплата;Пополнение;27696.25;5576383.9;0
18.03.2025;10:08;Перевод СБП;Пополнение;49532.59;2927223.11;0
18.04.2025;05:21;Прочие расходы;Списание;3542.95;7146429.63;0
18.04.2025;22:56;Прочие расходы;Списание;157.19;3281091.38;+1.57
18.04.2025;16:29;Прочие расходы;Списание;1554.04;9205794.93;+15.54
18.04.2025;07:07;Транспорт;Списание;3461.64;3322726.67;+34.62
18.04.2025;07:24;Здоровье и красота;Списание;3619.05;6663217.54;+36.19
18.04.2025;11:39;Кэшбек;Пополнение;6450.35;5391088.95;0
18.05.2025;23:17;Кэшбек;Пополнение;47071.35;9023598.95;0
18.05.2025;18:16;Рестораны и кафе;Списание;1169.48;9884070.28;0
18.05.2025;15:54;Кэшбек;Пополнение;22358.98;8662383.0;0
18.05.2025;05:11;Перевод СБП;Пополнение;22761.24;5144541.14;0
18.05.2025;12:59;Здоровье и красота;Списание;1408.72;1554936.25;+14.09
18.06.2025;15:11;Транспорт;Списание;2311.68;1547690.39;0
18.06.2025;20:00;Супермаркеты;Списание;1374.3;9500276.39;+13.74
18.06.2025;19:55;Перевод СБП;Пополнение;21063.85;4096947.4;0
18.07.2025;13:56;Прочие расходы;Списание;2120.01;186671.93;0
18.08.2025;16:08;Перевод СБП;Пополнение;5645.6;9558826.24;0
18.08.2025;00:38;Супермаркеты;Списание;3411.78;6134959.2;+34.12
18.08.2025;03:29;Рестораны и кафе;Списание;730.98;9364077.93;+7.31
18.08.2025;23:32;Зарплата;Пополнение;22244.66;205650.29;0
18.08.2025;03:49;Супермаркеты;Списание;4823.64;5766470.34;0
18.09.2025;18:03;Кэшбек;Пополнение;48304.08;9254099.01;0
18.09.2025;11:34;Рестораны и кафе;Списание;1546.15;2411550.89;0
18.09.2025;21:12;Прочие расходы;Списание;106.84;2765580.68;0
18.09.2025;11:13;Перевод СБП;Пополнение;54062.84;1932964.67;0
18.10.2025;17:39;Здоровье и красота;Списание;3403.25;2265795.94;0
18.10.2025;05:34;Прочие расходы;Списание;4158.96;9879911.32;+41.59
18.10.2025;23:06;Кэшбек;Пополнение;49575.28;3207383.44;0
18.11.2025;13:20;Зарплата;Пополнение;14648.47;6335628.15;0
18.11.2025;14:21;Зарплата;Пополнение;47195.74;1513185.01;0
18.11.2025;20:24;Перевод СБП;Пополнение;45341.19;5091341.99;0
18.11.2025;09:24;Транспорт;Списание;2633.09;1425126.52;+26.33
19.01.2025;20:10;Супермаркеты;Списание;511.52;6780104.31;0
19.02.2025;01:58;Транспорт;Списание;4973.76;5526057.9;0
19.02.2025;17:01;Транспорт;Списание;4925.19;1152695.63;+49.25
19.03.2025;23:46;Кэшбек;Пополнение;13825.15;9037424.1;0
19.03.2025;20:31;Перевод СБП;Пополнение;4289.97;1293124.71;0
19.03.2025;08:13;Транспорт;Списание;4481.62;833735.38;0
19.03.2025;03:57;Транспорт;Списание;2364.73;7358709.04;+23.65
19.03.2025;00:21;Зарплата;Пополнение;30440.41;5556498.31;0
19.03.2025;03:17;Кэшбек;Пополнение;59246.99;9714950.04;0
19.04.2025;13:58;Зарплата;Пополнение;30635.99;1401739.13;0
19.04.2025;18:09;Рестораны и кафе;Списание;3168.13;2734020.1;0
19.05.2025;18:08;Супермаркеты;Списание;2768.57;8943774.32;0
19.05.2025;19:20;Зарплата;Пополнение;2887.85;4878465.74;0
19.05.2025;17:26;Прочие расходы;Списание;3901.17;5039859.62;+39.01
19.06.2025;13:55;Кэшбек;Пополнение;6020.17;6889161.52;0
19.06.2025;02:35;Прочие расходы;Списание;1692.56;873633.22;+16.93
19.06.2025;16:00;Здоровье и красота;Списание;3037.25;7992525.12;0
19.06.2025;03:42;Рестораны и кафе;Списание;4584.45;1157620.82;0
19.07.2025;14:58;Зарплата;Пополнение;29878.41;4300586.78;0
19.07.2025;07:36;Рестораны и кафе;Списание;3326.98;6876107.2;+33.27
19.07.2025;08:59;Здоровье и красота;Списание;4020.38;6867388.64;0
19.08.2025;03:13;Рестораны и кафе;Списание;1841.43;8747509.64;+18.41
19.08.2025;07:54;Здоровье и красота;Списание;226.09;5135730.01;0
19.09.2025;22:41;Здоровье и красота;Списание;339.53;49660.47;+3.4
19.10.2025;21:25;Супермаркеты;Списание;4198.27;6140117.7;+41.98
19.11.2025;22:58;Рестораны и кафе;Списание;4436.88;5425209.43;+44.37
19.11.2025;11:22;Кэшбек;Пополнение;4506.52;2949893.05;0
19.11.2025;04:15;Супермаркеты;Списание;199.98;3743150.25;0
19.12.2025;21:16;Здоровье и красота;Списание;3260.96;4856411.5;+32.61
20.01.2025;17:11;Прочие расходы;Списание;3529.55;6345287.99;+35.3
20.01.2025;15:08;Зарплата;Пополнение;59090.31;2509955.47;0
20.01.2025;14:12;Кэшбек;Пополнение;24225.89;954384.79;0
20.02.2025;15:22;Зарплата;Пополнение;50673.11;3711267.94;0
20.03.2025;11:15;Здоровье и красота;Списание;1996.97;4860574.95;+19.97
20.03.2025;04:01;Рестораны и кафе;Списание;3758.85;2175123.39;+37.59
20.03.2025;17:30;Транспорт;Списание;2127.69;5476435.14;0
20.04.2025;01:17;Здоровье и красота;Списание;4140.58;1081540.66;0
20.04.2025;23:59;Рестораны и кафе;Списание;4360.01;8454124.71;+43.6
20.04.2025;23:52;Супермаркеты;Списание;3731.02;6879434.18;0
20.04.2025;13:23;Супермаркеты;Списание;4646.01;4181054.62;0
20.05.2025;15:48;Зарплата;Пополнение;14767.72;1639474.0;0
20.05.2025;10:33;Рестораны и кафе;Списание;2397.76;8322439.04;+23.98
20.05.2025;18:25;Рестораны и кафе;Списание;4566.49;652918.94;0
20.05.2025;08:31;Кэшбек;Пополнение;21965.22;9656723.2;0
20.06.2025;15:30;Транспорт;Списание;3742.61;7149972.58;0
20.06.2025;18:48;Транспорт;Списание;1070.19;3436129.75;+10.7
20.06.2025;23:26;Транспорт;Списание;2586.25;5947513.37;0
20.07.2025;03:32;Кэшбек;Пополнение;34170.94;5981684.31;0
20.08.2025;20:22;Рестораны и кафе;Списание;3472.96;3427698.12;+34.73
20.08.2025;12:00;Перевод СБП;Пополнение;15753.52;9871632.33;0
20.08.2025;09:13;Рестораны и кафе;Списание;4749.37;3738400.88;+47.49
20.08.2025;15:07;Здоровье и красота;Списание;1551.93;5240543.41;0
20.08.2025;23:28;Рестораны и кафе;Списание;1810.35;930158.9;+18.1
20.08.2025;13:25;Зарплата;Пополнение;46242.11;7139783.49;0
20.09.2025;22:36;Кэшбек;Пополнение;55768.81;9207348.97;0
20.09.2025;14:36;Прочие расходы;Списание;723.1;3957596.2;0
20.10.2025;05:58;Перевод СБП;Пополнение;20782.17;4225767.8;0
20.10.2025;03:01;Супермаркеты;Списание;3420.37;7987908.26;0
20.11.2025;23:53;Кэшбек;Пополнение;22551.91;8279064.88;0
20.12.2025;21:53;Зарплата;Пополнение;6659.1;4307245.88;0
20.12.2025;15:27;Рестораны и кафе;Списание;1486.33;3796654.92;+14.86
21.01.2025;04:02;Прочие расходы;Списание;1927.38;1399811.75;+19.27
21.01.2025;15:34;Прочие расходы;Списание;2510.62;4867399.73;+25.11
21.01.2025;05:20;Зарплата;Пополнение;51037.83;2818242.34;0
21.01.2025;19:04;Кэшбек;Пополнение;32477.88;5309860.11;0
21.01.2025;23:15;Здоровье и красота;Списание;4807.99;2306862.92;0
21.02.2025;07:39;Перевод СБП;Пополнение;31072.15;9589898.39;0
21.02.2025;17:52;Рестораны и кафе;Списание;3553.09;2814689.25;+35.53
21.02.2025;13:36;Зарплата;Пополнение;7696.5;2191301.17;0
21.02.2025;18:01;Перевод СБП;Пополнение;14447.75;5996132.06;0
21.02.2025;02:30;Супермаркеты;Списание;2047.37;8193109.98;0
21.02.2025;12:15;Кэшбек;Пополнение;10208.75;2403188.04;0
21.02.2025;02:08;Перевод СБП;Пополнение;39368.52;551315.12;0
21.03.2025;13:48;Супермаркеты;Списание;4623.8;3868359.31;0
21.04.2025;01:02;Кэшбек;Пополнение;34309.18;7823421.93;0
21.04.2025;19:36;Здоровье и красота;Списание;675.05;2833831.68;+6.75
21.04.2025;02:17;Транспорт;Списание;4562.1;838217.0;+45.62
21.05.2025;19:20;Транспорт;Списание;2419.59;1695256.28;+24.2
21.06.2025;02:21;Перевод СБП;Пополнение;20251.08;7320157.81;0
21.06.2025;05:35;Кэшбек;Пополнение;15200.46;3660594.83;0
21.06.2025;14:29;Перевод СБП;Пополнение;15750.43;5627068.25;0
21.06.2025;04:59;Кэшбек;Пополнение;11799.59;6669936.34;0
21.07.2025;13:45;Транспорт;Списание;1716.51;5398677.99;+17.17
21.07.2025;15:18;Супермаркеты;Списание;4425.37;9830777.21;+44.25
21.07.2025;22:58;Кэшбек;Пополнение;2682.79;6665349.72;0
21.07.2025;04:12;Перевод СБП;Пополнение;58451.12;5193271.41;0
21.07.2025;22:57;Здоровье и красота;Списание;4972.99;2344062.82;+49.73
21.08.2025;11:58;Кэшбек;Пополнение;48028.2;827282.63;0
21.08.2025;10:30;Перевод СБП;Пополнение;43233.08;4543299.17;0
21.09.2025;05:49;Кэшбек;Пополнение;58851.43;711770.37;0
21.10.2025;06:02;Здоровье и красота;Списание;4840.14;1431842.48;+48.4
21.10.2025;14:42;Рестораны и кафе;Списание;620.06;7601776.36;+6.2
21.10.2025;06:59;Рестораны и кафе;Списание;795.19;6193322.11;+7.95
21.11.2025;07:25;Перевод СБП;Пополнение;27457.78;2292266.36;0
21.11.2025;09:26;Здоровье и красота;Списание;772.08;5395145.3;+7.72
21.11.2025;18:33;Транспорт;Списание;2695.67;9807131.69;0
21.12.2025;00:45;Прочие расходы;Списание;1178.92;6889672.12;+11.79
21.12.2025;21:02;Кэшбек;Пополнение;29854.23;9367746.65;0
21.12.2025;02:34;Перевод СБП;Пополнение;38864.94;9809827.36;0
21.12.2025;12:23;Транспорт;Списание;4970.03;3956305.68;+49.7
21.12.2025;19:56;Зарплата;Пополнение;38216.88;1119757.54;0
22.01.2025;20:11;Кэшбек;Пополнение;10581.87;9101926.02;0
22.01.2025;14:55;Перевод СБП;Пополнение;47916.95;6146362.54;0
22.02.2025;12:04;Рестораны и кафе;Списание;733.26;980578.66;+7.33
22.02.2025;11:53;Транспорт;Списание;2009.72;9372478.0;+20.1
22.03.2025;02:49;Рестораны и кафе;Списание;292.45;6605440.75;0
22.03.2025;06:53;Перевод СБП;Пополнение;32004.94;931969.25;0
22.03.2025;07:45;Кэшбек;Пополнение;36417.1;7356574.91;0
22.04.2025;10:31;Зарплата;Пополнение;49391.24;7182885.18;0
22.04.2025;08:49;Здоровье и красота;Списание;514.6;6780084.62;0
22.05.2025;00:24;Перевод СБП;Пополнение;14316.99;7931780.77;0
22.06.2025;08:51;Перевод СБП;Пополнение;36740.31;412727.11;0
22.07.2025;23:56;Рестораны и кафе;Списание;1322.38;8947556.44;0
22.08.2025;15:07;Перевод СБП;Пополнение;21339.87;9950739.07;0
22.08.2025;16:08;Зарплата;Пополнение;21190.45;3108104.93;0
22.08.2025;06:24;Здоровье и красота;Списание;1128.63;6780599.22;+11.29
22.08.2025;16:47;Перевод СБП;Пополнение;52538.86;3880680.81;0
22.08.2025;08:17;Супермаркеты;Списание;2555.72;5473879.42;+25.56
22.09.2025;04:09;Зарплата;Пополнение;44979.61;4777837.41;0
22.09.2025;14:57;Супермаркеты;Списание;4134.71;251659.09;0
22.10.2025;03:49;Супермаркеты;Списание;698.82;6938045.0;+6.99
22.11.2025;22:29;Транспорт;Списание;1558.13;7094859.26;0
22.11.2025;10:21;Кэшбек;Пополнение;25212.07;4649342.91;0
22.11.2025;06:35;Прочие расходы;Списание;4862.53;4851548.97;+48.63
22.11.2025;02:36;Кэшбек;Пополнение;40115.95;6467597.49;0
22.12.2025;01:42;Супермаркеты;Списание;521.2;1119011.75;0
23.01.2025;03:48;Транспорт;Списание;83.14;1162205.27;0
23.01.2025;00:38;Транспорт;Списание;3450.08;6861190.41;+34.5
23.01.2025;13:52;Супермаркеты;Списание;3897.57;6776187.05;+38.98
23.01.2025;00:55;Супермаркеты;Списание;4342.53;2834506.73;+43.43
23.02.2025;16:43;Транспорт;Списание;207.03;6360850.41;0
23.02.2025;13:16;Зарплата;Пополнение;47876.35;5905939.41;0
23.02.2025;02:05;Перевод СБП;Пополнение;10162.25;6886951.92;0
23.02.2025;10:06;Супермаркеты;Списание;3050.08;5141491.06;0
23.02.2025;06:44;Транспорт;Списание;3904.89;3216940.24;+39.05
23.02.2025;10:41;Рестораны и кафе;Списание;3203.92;4207255.95;0
23.03.2025;13:10;Здоровье и красота;Списание;2331.02;1150364.61;0
23.03.2025;01:01;Транспорт;Списание;1317.88;7093541.38;0
23.04.2025;03:27;Перевод СБП;Пополнение;21486.07;3234223.79;0
23.04.2025;01:02;Супермаркеты;Списание;2770.93;8111054.72;0
23.04.2025;02:44;Супермаркеты;Списание;4358.73;7135424.76;+43.59
23.04.2025;20:29;Супермаркеты;Списание;861.48;2553918.06;+8.61
23.05.2025;22:39;Кэшбек;Пополнение;9654.99;3961275.71;0
23.05.2025;15:29;Перевод СБП;Пополнение;17103.25;4868652.22;0
23.05.2025;09:47;Транспорт;Списание;957.95;2692267.98;0
23.06.2025;11:11;Перевод СБП;Пополнение;3874.18;827506.27;0
23.06.2025;00:42;Транспорт;Списание;2804.49;3220845.13;0
23.06.2025;09:28;Кэшбек;Пополнение;37531.96;4999432.18;0
23.07.2025;21:09;Транспорт;Списание;1955.78;7473040.35;0
23.07.2025;02:23;Рестораны и кафе;Списание;1020.15;9655703.05;0
23.07.2025;20:43;Зарплата;Пополнение;23512.65;1136727.47;0
23.07.2025;03:47;Транспорт;Списание;1341.01;2829039.22;0
23.08.2025;15:47;Прочие расходы;Списание;3578.35;7733255.26;0
23.08.2025;18:30;Кэшбек;Пополнение;38549.45;3529360.27;0
23.08.2025;02:31;Перевод СБП;Пополнение;42007.25;2607901.49;0
23.08.2025;16:29;Кэшбек;Пополнение;49874.49;1745130.77;0
23.08.2025;07:10;Прочие расходы;Списание;3922.32;1697675.87;0
23.09.2025;03:24;Супермаркеты;Списание;2154.54;842779.1;+21.55
23.09.2025;05:23;Зарплата;Пополнение;57753.6;6995798.6;0
23.09.2025;04:38;Рестораны и кафе;Списание;4943.97;4873521.77;+49.44
23.09.2025;17:15;Перевод СБП;Пополнение;30991.09;8266883.73;0
23.10.2025;23:25;Транспорт;Списание;4356.42;8634728.38;0
23.10.2025;07:10;Супермаркеты;Списание;2014.69;6098445.59;+20.15
23.10.2025;09:55;Прочие расходы;Списание;185.6;6890138.1;+1.86
23.11.2025;14:56;Прочие расходы;Списание;1303.28;2567044.68;0
23.11.2025;05:32;Рестораны и кафе;Списание;1064.42;6888097.1;0
23.11.2025;18:27;Транспорт;Списание;3238.77;5811175.22;+32.39
23.11.2025;15:38;Транспорт;Списание;2969.27;6869271.74;+29.69
23.12.2025;16:35;Зарплата;Пополнение;47923.58;5950099.62;0
23.12.2025;11:57;Зарплата;Пополнение;17636.23;4342978.27;0
23.12.2025;02:38;Супермаркеты;Списание;3767.36;5776701.33;0
23.12.2025;22:06;Прочие расходы;Списание;4151.5;1000548.14;0
23.12.2025;17:01;Кэшбек;Пополнение;50823.44;5677891.69;0
24.01.2025;21:52;Супермаркеты;Списание;4446.55;3084157.7;0
24.01.2025;06:50;Транспорт;Списание;2739.93;2019588.76;0
24.02.2025;09:27;Здоровье и красота;Списание;1542.32;979363.31;0
24.02.2025;06:57;Рестораны и кафе;Списание;2198.99;2796794.4;+21.99
24.03.2025;23:23;Здоровье и красота;Списание;1721.73;1277905.46;+17.22
24.03.2025;06:50;Супермаркеты;Списание;263.91;5816177.49;+2.64
24.04.2025;16:37;Транспорт;Списание;2812.05;9947927.02;+28.12
24.04.2025;10:19;Здоровье и красота;Списание;2456.83;3223649.62;+24.57
24.04.2025;02:54;Кэшбек;Пополнение;4830.94;6315524.75;0
24.05.2025;16:44;Прочие расходы;Списание;2606.65;3954263.48;+26.07
24.05.2025;15:27;Зарплата;Пополнение;14374.42;7365183.45;0
24.05.2025;18:11;Перевод СБП;Пополнение;34464.19;9554405.39;0
24.05.2025;14:54;Перевод СБП;Пополнение;28398.14;6373686.13;0
24.06.2025;01:23;Здоровье и красота;Списание;2844.07;3463546.07;0
24.06.2025;05:22;Прочие расходы;Списание;4396.12;6368573.2;0
24.06.2025;02:00;Перевод СБП;Пополнение;34349.28;6830397.7;0
24.06.2025;23:33;Перевод СБП;Пополнение;36235.89;3832890.81;0
24.06.2025;14:20;Рестораны и кафе;Списание;1032.69;5672036.67;0
24.08.2025;11:42;Прочие расходы;Списание;1030.08;2568347.96;0
24.08.2025;22:37;Здоровье и красота;Списание;4181.13;4773656.28;0
24.08.2025;20:04;Супермаркеты;Списание;442.95;8266380.65;0
24.09.2025;18:37;Здоровье и красота;Списание;2603.0;229842.91;0
24.10.2025;04:44;Транспорт;Списание;1389.84;1398421.91;+13.9
24.10.2025;06:34;Рестораны и кафе;Списание;3725.67;4211509.13;+37.26
24.10.2025;03:45;Кэшбек;Пополнение;52713.2;4965681.3;0
24.12.2025;05:04;Транспорт;Списание;1902.74;7356687.44;+19.03
24.12.2025;08:18;Рестораны и кафе;Списание;3546.03;2120305.83;+35.46
25.01.2025;17:56;Рестораны и кафе;Списание;4919.12;4051407.93;0
25.01.2025;17:09;Рестораны и кафе;Списание;1531.86;5423072.04;0
25.02.2025;11:41;Здоровье и красота;Списание;2290.13;1116721.62;0
25.03.2025;11:56;Перевод СБП;Пополнение;54105.62;9328177.64;0
25.04.2025;05:47;Перевод СБП;Пополнение;10232.32;3891441.09;0
25.04.2025;13:26;Зарплата;Пополнение;44244.13;6649684.88;0
25.04.2025;21:09;Кэшбек;Пополнение;53803.05;1798933.82;0
25.04.2025;00:26;Зарплата;Пополнение;14766.16;981311.92;0
25.04.2025;03:29;Кэшбек;Пополнение;32082.29;3743350.23;0
25.04.2025;12:10;Здоровье и красота;Списание;2283.69;2844866.99;+22.84
25.05.2025;16:53;Зарплата;Пополнение;36166.92;9392560.28;0
25.06.2025;03:16;Рестораны и кафе;Списание;2736.28;9248552.29;+27.36
25.06.2025;07:14;Супермаркеты;Списание;1979.42;4384821.27;0
25.06.2025;02:09;Зарплата;Пополнение;10804.6;1284208.99;0
25.07.2025;16:53;Зарплата;Пополнение;53693.41;317725.5;0
25.07.2025;16:15;Зарплата;Пополнение;59450.92;7584412.05;0
25.08.2025;23:46;Кэшбек;Пополнение;57152.24;5531031.66;0
25.09.2025;02:43;Прочие расходы;Списание;3230.2;8117537.93;+32.3
25.09.2025;19:44;Рестораны и кафе;Списание;2413.92;5432756.94;0
25.10.2025;21:38;Перевод СБП;Пополнение;58603.36;5869778.58;0
25.10.2025;20:42;Зарплата;Пополнение;41056.28;8094039.47;0
25.11.2025;03:04;Транспорт;Списание;1878.54;5427695.72;0
25.12.2025;07:40;Здоровье и красота;Списание;1955.89;9099970.13;0
25.12.2025;01:56;Зарплата;Пополнение;37309.15;1584999.54;0
25.12.2025;22:13;Рестораны и кафе;Списание;4546.83;5723084.02;+45.47
26.01.2025;00:26;Прочие расходы;Списание;2804.49;4770851.79;0
26.01.2025;18:08;Кэшбек;Пополнение;46297.25;1628516.96;0
26.02.2025;07:15;Зарплата;Пополнение;43858.84;2877690.52;0
26.03.2025;15:07;Перевод СБП;Пополнение;3202.99;6194117.3;0
26.04.2025;12:18;Кэшбек;Пополнение;28892.21;2020976.78;0
26.04.2025;00:10;Транспорт;Списание;847.01;823632.09;0
26.04.2025;11:52;Кэшбек;Пополнение;33909.83;5116194.91;0
26.04.2025;03:49;Здоровье и красота;Списание;1634.08;9364808.91;+16.34
26.04.2025;09:56;Кэшбек;Пополнение;44948.68;1470075.2;0
26.05.2025;22:10;Здоровье и красота;Списание;1383.93;228458.98;0
26.06.2025;05:41;Кэшбек;Пополнение;2174.76;8690064.95;0
26.06.2025;08:38;Перевод СБП;Пополнение;12232.34;3326188.31;0
26.06.2025;06:08;Прочие расходы;Списание;4519.17;9496442.92;0
26.07.2025;21:27;Супермаркеты;Списание;2871.73;98780.36;0
26.07.2025;19:02;Перевод СБП;Пополнение;14982.02;1164634.67;0
26.09.2025;12:26;Перевод СБП;Пополнение;17287.12;6105130.86;0
26.09.2025;12:05;Транспорт;Списание;4026.27;2183604.67;+40.26
26.10.2025;21:19;Здоровье и красота;Списание;4748.86;3828141.95;0
26.10.2025;02:38;Здоровье и красота;Списание;3777.14;7574528.24;0
26.11.2025;16:55;Прочие расходы;Списание;3952.55;7984601.05;0
27.01.2025;21:22;Здоровье и красота;Списание;2157.05;6427481.54;+21.57
27.01.2025;04:00;Транспорт;Списание;2631.13;1427759.61;0
27.02.2025;05:48;Здоровье и красота;Списание;4250.67;977776.73;+42.51
27.02.2025;22:57;Рестораны и кафе;Списание;280.78;9097943.52;0
27.02.2025;16:02;Перевод СБП;Пополнение;4521.89;9500962.09;0
27.02.2025;09:55;Рестораны и кафе;Списание;842.1;7048115.55;+8.42
27.02.2025;03:28;Прочие расходы;Списание;3839.4;5384638.6;+38.39
27.03.2025;16:24;Прочие расходы;Списание;2224.57;2185566.88;+22.25
27.03.2025;22:42;Прочие расходы;Списание;4245.37;7477235.3;0
27.03.2025;19:29;Кэшбек;Пополнение;55818.32;4504075.69;0
27.03.2025;15:41;Рестораны и кафе;Списание;4399.91;2125570.69;0
27.04.2025;16:44;Здоровье и красота;Списание;919.31;7350809.03;0
27.04.2025;14:31;Рестораны и кафе;Списание;4501.07;1273404.39;+45.01
27.05.2025;15:08;Транспорт;Списание;295.58;5400394.5;+2.96
27.06.2025;03:52;Рестораны и кафе;Списание;3677.8;9583894.26;0
27.07.2025;15:06;Супермаркеты;Списание;535.94;4585240.02;0
27.07.2025;13:02;Рестораны и кафе;Списание;4315.97;817821.11;+43.16
27.07.2025;02:58;Супермаркеты;Списание;4942.91;4075883.55;+49.43
27.07.2025;08:53;Супермаркеты;Списание;2028.06;3881208.77;0
27.08.2025;14:42;Супермаркеты;Списание;87.04;7960647.77;+0.87
27.09.2025;15:22;Транспорт;Списание;765.58;6348817.54;+7.66
27.09.2025;05:14;Зарплата;Пополнение;39033.86;3137674.67;0
27.10.2025;21:09;Зарплата;Пополнение;1496.63;4862071.58;0
27.10.2025;17:36;Здоровье и красота;Списание;2353.2;1992084.57;0
27.10.2025;03:24;Супермаркеты;Списание;3401.91;1436682.62;+34.02
27.11.2025;15:56;Супермаркеты;Списание;444.7;8902626.08;0
27.11.2025;12:51;Транспорт;Списание;2773.92;2507181.55;0
27.11.2025;15:48;Кэшбек;Пополнение;39722.44;101652.09;0
27.11.2025;22:35;Прочие расходы;Списание;3772.5;4390019.61;0
27.12.2025;12:07;Рестораны и кафе;Списание;1329.52;5140161.54;0
27.12.2025;20:25;Транспорт;Списание;4109.72;7988372.23;0
27.12.2025;16:30;Зарплата;Пополнение;48923.38;3958319.3;0
28.01.2025;15:09;Транспорт;Списание;107.46;9099862.67;0
28.02.2025;14:33;Кэшбек;Пополнение;23812.85;6392386.05;0
28.02.2025;05:29;Супермаркеты;Списание;2445.99;2005331.49;0
28.02.2025;11:27;Прочие расходы;Списание;577.09;2126363.63;+5.77
28.02.2025;17:00;Супермаркеты;Списание;3279.06;7161998.82;+32.79
28.03.2025;14:24;Транспорт;Списание;1167.41;3909395.92;0
28.03.2025;14:28;Прочие расходы;Списание;1866.62;2401321.42;+18.67
28.03.2025;02:11;Супермаркеты;Списание;3574.18;5301321.32;0
28.03.2025;13:22;Зарплата;Пополнение;13867.63;2134173.46;0
28.04.2025;19:04;Рестораны и кафе;Списание;3226.51;2802663.1;0
28.04.2025;09:41;Транспорт;Списание;2286.44;2834864.37;0
28.05.2025;10:29;Здоровье и красота;Списание;4043.65;9319293.76;0
28.05.2025;20:40;Транспорт;Списание;1592.58;9503451.61;+15.93
28.05.2025;02:20;Кэшбек;Пополнение;32710.3;7526948.39;0
28.05.2025;17:18;Супермаркеты;Списание;1943.57;8120768.13;+19.44
28.05.2025;22:45;Перевод СБП;Пополнение;28870.89;1374484.22;0
28.06.2025;04:33;Прочие расходы;Списание;328.43;3420160.44;+3.28
28.06.2025;01:54;Кэшбек;Пополнение;40638.5;2837432.9;0
28.06.2025;17:34;Рестораны и кафе;Списание;4827.81;4862571.92;+48.28
28.06.2025;08:15;Рестораны и кафе;Списание;2549.18;5548687.65;0
28.06.2025;18:50;Зарплата;Пополнение;21959.11;9341252.87;0
28.06.2025;03:44;Зарплата;Пополнение;43067.85;5465961.15;0
28.07.2025;20:45;Супермаркеты;Списание;335.01;5576048.89;+3.35
28.07.2025;20:12;Зарплата;Пополнение;58769.05;1223403.72;0
28.07.2025;08:30;Перевод СБП;Пополнение;20508.76;7622285.12;0
28.08.2025;07:10;Здоровье и красота;Списание;2511.77;2123851.86;0
28.08.2025;21:44;Перевод СБП;Пополнение;52308.26;2129324.95;0
28.08.2025;23:57;Зарплата;Пополнение;18024.29;4355468.22;0
28.08.2025;00:51;Транспорт;Списание;3142.28;2825896.94;+31.42
28.09.2025;16:17;Здоровье и красота;Списание;3900.09;7609871.13;0
28.09.2025;01:14;Перевод СБП;Пополнение;35320.7;3613209.48;0
28.09.2025;04:06;Кэшбек;Пополнение;25519.73;9274072.02;0
28.09.2025;15:59;Перевод СБП;Пополнение;26791.46;122978.94;0
28.10.2025;12:13;Супермаркеты;Списание;96.85;5775584.05;0
28.10.2025;03:36;Зарплата;Пополнение;22497.87;8133552.59;0
28.10.2025;06:14;Зарплата;Пополнение;25042.2;8749484.74;0
28.10.2025;13:38;Зарплата;Пополнение;58080.51;6525678.0;0
28.12.2025;03:09;Рестораны и кафе;Списание;711.96;1149652.65;+7.12
28.12.2025;09:21;Здоровье и красота;Списание;2615.71;61929.65;+26.16
29.03.2025;21:56;Зарплата;Пополнение;51177.33;758354.36;0
29.03.2025;03:50;Здоровье и красота;Списание;197.33;8192912.65;+1.97
29.04.2025;13:06;Здоровье и красота;Списание;1884.19;6247822.25;+18.84
29.04.2025;14:22;Рестораны и кафе;Списание;1697.25;8773914.79;+16.97
29.05.2025;18:35;Кэшбек;Пополнение;18317.41;6260538.6;0
29.05.2025;08:32;Здоровье и красота;Списание;2055.81;8190856.84;+20.56
29.05.2025;15:49;Прочие расходы;Списание;1802.11;5279543.5;0
29.07.2025;00:44;Перевод СБП;Пополнение;13651.99;8001560.25;0
29.08.2025;19:05;Прочие расходы;Списание;4205.44;5135956.1;0
29.08.2025;15:40;Рестораны и кафе;Списание;1763.5;5814413.99;0
29.08.2025;16:38;Прочие расходы;Списание;3870.98;950513.81;+38.71
29.08.2025;06:15;Кэшбек;Пополнение;50863.72;9634757.98;0
29.09.2025;17:59;Транспорт;Списание;3866.19;6872241.01;0
29.09.2025;20:27;Кэшбек;Пополнение;23885.7;2849782.64;0
29.09.2025;10:38;Зарплата;Пополнение;4625.75;1288834.74;0
29.09.2025;08:45;Зарплата;Пополнение;49154.02;9505044.19;0
29.09.2025;15:33;Здоровье и красота;Списание;3381.08;1371103.14;0
29.10.2025;03:31;Супермаркеты;Списание;4213.96;7038377.66;0
29.10.2025;00:34;Транспорт;Списание;1339.97;6780615.83;0
29.11.2025;01:02;Кэшбек;Пополнение;30336.45;3493882.52;0
29.12.2025;20:04;Перевод СБП;Пополнение;32200.5;1882193.64;0
29.12.2025;04:17;Транспорт;Списание;88.56;5863656.38;0
29.12.2025;05:17;Транспорт;Списание;2270.32;4204985.63;0
30.01.2025;05:56;Здоровье и красота;Списание;2046.57;6144315.97;0
30.01.2025;10:35;Супермаркеты;Списание;4777.07;5422302.84;0
30.01.2025;21:01;Рестораны и кафе;Списание;93.89;7584318.16;0
30.03.2025;18:13;Здоровье и красота;Списание;3238.38;4426053.3;+32.38
30.03.2025;00:03;Транспорт;Списание;2901.64;8235892.64;+29.02
30.03.2025;10:16;Перевод СБП;Пополнение;37076.05;1701598.19;0
30.03.2025;20:19;Транспорт;Списание;3736.57;8940037.75;+37.37
30.04.2025;05:53;Зарплата;Пополнение;4533.71;985112.37;0
30.04.2025;09:16;Прочие расходы;Списание;652.42;3159735.15;+6.52
30.04.2025;03:22;Транспорт;Списание;3821.64;6666836.59;0
30.04.2025;02:32;Прочие расходы;Списание;3677.42;6552505.17;0
30.04.2025;19:02;Супермаркеты;Списание;2372.11;4913102.38;0
30.04.2025;19:12;Кэшбек;Пополнение;23205.01;7726048.77;0
30.04.2025;07:49;Перевод СБП;Пополнение;32184.89;3645394.37;0
30.05.2025;08:18;Кэшбек;Пополнение;3736.76;3160387.57;0
30.05.2025;10:04;Рестораны и кафе;Списание;2704.43;2162864.65;0
30.06.2025;00:01;Супермаркеты;Списание;178.74;5422893.3;0
30.06.2025;03:09;Супермаркеты;Списание;481.42;6887994.74;+4.81
30.06.2025;14:18;Транспорт;Списание;559.86;4503515.83;0
30.06.2025;17:49;Кэшбек;Пополнение;24628.23;4448257.37;0
30.07.2025;01:26;Супермаркеты;Списание;2364.64;7821057.29;+23.65
30.07.2025;17:00;Перевод СБП;Пополнение;12373.0;264032.09;0
30.07.2025;08:45;Здоровье и красота;Списание;410.13;4152986.42;+4.1
30.09.2025;18:05;Здоровье и красота;Списание;2669.49;3491213.03;+26.69
30.09.2025;15:46;Зарплата;Пополнение;20900.07;779254.43;0
30.09.2025;05:20;Зарплата;Пополнение;55633.54;8861360.4;0
30.10.2025;06:21;Зарплата;Пополнение;8645.57;5121779.9;0
30.10.2025;10:03;Зарплата;Пополнение;26702.09;875325.78;0
30.10.2025;10:20;Кэшбек;Пополнение;30297.04;903930.26;0
30.11.2025;05:26;Супермаркеты;Списание;2447.93;2341614.89;0
30.11.2025;04:37;Кэшбек;Пополнение;53490.08;5775030.42;0
30.11.2025;07:05;Кэшбек;Пополнение;18096.16;4325342.04;0
30.11.2025;23:03;Кэшбек;Пополнение;19663.63;7751014.41;0
30.12.2025;00:08;Здоровье и красота;Списание;2004.62;5554493.69;+20.05
31.01.2025;11:05;Здоровье и красота;Списание;4841.26;2683546.48;0
31.01.2025;14:22;Кэшбек;Пополнение;8578.85;5400690.08;0
31.01.2025;20:31;Кэшбек;Пополнение;26131.06;6890323.7;0
31.05.2025;01:00;Кэшбек;Пополнение;59820.77;6607562.54;0
31.05.2025;23:01;Рестораны и кафе;Списание;3001.23;5863744.94;+30.01
31.05.2025;12:51;Кэшбек;Пополнение;24618.25;9521061.17;0
31.07.2025;23:06;Супермаркеты;Списание;4339.78;2008510.2;0
31.07.2025;18:52;Рестораны и кафе;Списание;1187.79;9931659.66;0
31.07.2025;19:36;Супермаркеты;Списание;4825.31;9871996.81;+48.25
31.07.2025;00:25;Супермаркеты;Списание;2326.33;9587572.06;+23.26
31.08.2025;21:28;Транспорт;Списание;1214.5;822137.08;+12.14
31.08.2025;06:24;Супермаркеты;Списание;2734.64;9381651.08;+27.35
31.08.2025;23:45;Супермаркеты;Списание;1280.43;5611317.82;+12.8
31.10.2025;21:44;Зарплата;Пополнение;2171.37;2131496.32;0
31.10.2025;19:59;Рестораны и кафе;Списание;3111.56;5083312.19;0
31.10.2025;00:16;Супермаркеты;Списание;131.7;2651146.94;0
31.10.2025;00:20;Зарплата;Пополнение;53062.67;1851996.49;0
31.10.2025;11:00;Зарплата;Пополнение;36766.06;1994292.33;0
31.10.2025;15:32;Транспорт;Списание;4109.68;7361073.77;0
